-- Insert 20 sample users
INSERT INTO "user" ("id", "name", "address", "phone_number", "email", "password", "created_at", "created_by", "updated_at", "updated_by")
VALUES
    ('123e4567-e89b-12d3-a456-426614174000', 'John Doe', '123 Main St', '555-1234', 'john.doe@example.com', 'password123', CURRENT_TIMESTAMP, '00000000-0000-0000-0000-000000000001', CURRENT_TIMESTAMP, '00000000-0000-0000-0000-000000000001'),
    ('223e4567-e89b-12d3-a456-426614174001', 'Jane Smith', '456 Oak St', '555-5678', 'jane.smith@example.com', 'password123', CURRENT_TIMESTAMP, '00000000-0000-0000-0000-000000000002', CURRENT_TIMESTAMP, '00000000-0000-0000-0000-000000000002'),
    ('323e4567-e89b-12d3-a456-426614174002', 'Mike Johnson', '789 Pine St', '555-9876', 'mike.johnson@example.com', 'password123', CURRENT_TIMESTAMP, '00000000-0000-0000-0000-000000000003', CURRENT_TIMESTAMP, '00000000-0000-0000-0000-000000000003'),
    ('423e4567-e89b-12d3-a456-426614174003', 'Sara Lee', '101 Maple St', '555-3456', 'sara.lee@example.com', 'password123', CURRENT_TIMESTAMP, '00000000-0000-0000-0000-000000000004', CURRENT_TIMESTAMP, '00000000-0000-0000-0000-000000000004'),
    ('523e4567-e89b-12d3-a456-426614174004', 'Chris Martin', '202 Birch St', '555-6543', 'chris.martin@example.com', 'password123', CURRENT_TIMESTAMP, '00000000-0000-0000-0000-000000000005', CURRENT_TIMESTAMP, '00000000-0000-0000-0000-000000000005'),
    ('623e4567-e89b-12d3-a456-426614174005', 'Laura White', '303 Cedar St', '555-4321', 'laura.white@example.com', 'password123', CURRENT_TIMESTAMP, '00000000-0000-0000-0000-000000000006', CURRENT_TIMESTAMP, '00000000-0000-0000-0000-000000000006'),
    ('723e4567-e89b-12d3-a456-426614174006', 'David Brown', '404 Redwood St', '555-8765', 'david.brown@example.com', 'password123', CURRENT_TIMESTAMP, '00000000-0000-0000-0000-000000000007', CURRENT_TIMESTAMP, '00000000-0000-0000-0000-000000000007'),
    ('823e4567-e89b-12d3-a456-426614174007', 'Emily Davis', '505 Palm St', '555-1357', 'emily.davis@example.com', 'password123', CURRENT_TIMESTAMP, '00000000-0000-0000-0000-000000000008', CURRENT_TIMESTAMP, '00000000-0000-0000-0000-000000000008'),
    ('923e4567-e89b-12d3-a456-426614174008', 'Daniel Clark', '606 Willow St', '555-2468', 'daniel.clark@example.com', 'password123', CURRENT_TIMESTAMP, '00000000-0000-0000-0000-000000000009', CURRENT_TIMESTAMP, '00000000-0000-0000-0000-000000000009'),
    ('a23e4567-e89b-12d3-a456-426614174009', 'Olivia Evans', '707 Elm St', '555-3690', 'olivia.evans@example.com', 'password123', CURRENT_TIMESTAMP, '00000000-0000-0000-0000-000000000010', CURRENT_TIMESTAMP, '00000000-0000-0000-0000-000000000010'),
    ('b23e4567-e89b-12d3-a456-426614174010', 'Ethan Harris', '808 Fir St', '555-2580', 'ethan.harris@example.com', 'password123', CURRENT_TIMESTAMP, '00000000-0000-0000-0000-000000000011', CURRENT_TIMESTAMP, '00000000-0000-0000-0000-000000000011'),
    ('c23e4567-e89b-12d3-a456-426614174011', 'Sophia Miller', '909 Pineapple St', '555-1479', 'sophia.miller@example.com', 'password123', CURRENT_TIMESTAMP, '00000000-0000-0000-0000-000000000012', CURRENT_TIMESTAMP, '00000000-0000-0000-0000-000000000012'),
    ('d23e4567-e89b-12d3-a456-426614174012', 'James Moore', '1010 Chestnut St', '555-0247', 'james.moore@example.com', 'password123', CURRENT_TIMESTAMP, '00000000-0000-0000-0000-000000000013', CURRENT_TIMESTAMP, '00000000-0000-0000-0000-000000000013'),
    ('e23e4567-e89b-12d3-a456-426614174013', 'Mia Thompson', '1111 Cypress St', '555-6382', 'mia.thompson@example.com', 'password123', CURRENT_TIMESTAMP, '00000000-0000-0000-0000-000000000014', CURRENT_TIMESTAMP, '00000000-0000-0000-0000-000000000014'),
    ('f23e4567-e89b-12d3-a456-426614174014', 'Alexander Martinez', '1212 Juniper St', '555-7495', 'alexander.martinez@example.com', 'password123', CURRENT_TIMESTAMP, '00000000-0000-0000-0000-000000000015', CURRENT_TIMESTAMP, '00000000-0000-0000-0000-000000000015'),
    ('623e4567-e89b-12d3-a456-426614174015', 'Charlotte Wilson', '1313 Redwood St', '555-9634', 'charlotte.wilson@example.com', 'password123', CURRENT_TIMESTAMP, '00000000-0000-0000-0000-000000000016', CURRENT_TIMESTAMP, '00000000-0000-0000-0000-000000000016'),
    ('723e4567-e89b-12d3-a456-426614174016', 'Benjamin White', '1414 Birch St', '555-3720', 'benjamin.white@example.com', 'password123', CURRENT_TIMESTAMP, '00000000-0000-0000-0000-000000000017', CURRENT_TIMESTAMP, '00000000-0000-0000-0000-000000000017'),
    ('823e4567-e89b-12d3-a456-426614174017', 'Grace Robinson', '1515 Willow St', '555-5839', 'grace.robinson@example.com', 'password123', CURRENT_TIMESTAMP, '00000000-0000-0000-0000-000000000018', CURRENT_TIMESTAMP, '00000000-0000-0000-0000-000000000018');

-- Insert sample attendance data
INSERT INTO "attendance" (
    "user_id", "date", "type", "created_at", "created_by", "updated_at", "updated_by"
) VALUES
    ('123e4567-e89b-12d3-a456-426614174000', CURRENT_TIMESTAMP, 'clock-in', CURRENT_TIMESTAMP, '00000000-0000-0000-0000-000000000001', CURRENT_TIMESTAMP, '00000000-0000-0000-0000-000000000001'),
    ('123e4567-e89b-12d3-a456-426614174000', CURRENT_TIMESTAMP, 'clock-out', CURRENT_TIMESTAMP, '00000000-0000-0000-0000-000000000001', CURRENT_TIMESTAMP, '00000000-0000-0000-0000-000000000001'),
    ('223e4567-e89b-12d3-a456-426614174001', CURRENT_TIMESTAMP, 'clock-in', CURRENT_TIMESTAMP, '00000000-0000-0000-0000-000000000002', CURRENT_TIMESTAMP, '00000000-0000-0000-0000-000000000002'),
    ('223e4567-e89b-12d3-a456-426614174001', CURRENT_TIMESTAMP, 'clock-out', CURRENT_TIMESTAMP, '00000000-0000-0000-0000-000000000002', CURRENT_TIMESTAMP, '00000000-0000-0000-0000-000000000002'),
    ('323e4567-e89b-12d3-a456-426614174002', CURRENT_TIMESTAMP, 'clock-in', CURRENT_TIMESTAMP, '00000000-0000-0000-0000-000000000003', CURRENT_TIMESTAMP, '00000000-0000-0000-0000-000000000003'),
    ('323e4567-e89b-12d3-a456-426614174002', CURRENT_TIMESTAMP, 'clock-out', CURRENT_TIMESTAMP, '00000000-0000-0000-0000-000000000003', CURRENT_TIMESTAMP, '00000000-0000-0000-0000-000000000003'),
    ('423e4567-e89b-12d3-a456-426614174003', CURRENT_TIMESTAMP, 'clock-in', CURRENT_TIMESTAMP, '00000000-0000-0000-0000-000000000004', CURRENT_TIMESTAMP, '00000000-0000-0000-0000-000000000004'),
    ('423e4567-e89b-12d3-a456-426614174003', CURRENT_TIMESTAMP, 'clock-out', CURRENT_TIMESTAMP, '00000000-0000-0000-0000-000000000004', CURRENT_TIMESTAMP, '00000000-0000-0000-0000-000000000004'),
    ('523e4567-e89b-12d3-a456-426614174004', CURRENT_TIMESTAMP, 'clock-in', CURRENT_TIMESTAMP, '00000000-0000-0000-0000-000000000005', CURRENT_TIMESTAMP, '00000000-0000-0000-0000-000000000005'),
    ('523e4567-e89b-12d3-a456-426614174004', CURRENT_TIMESTAMP, 'clock-out', CURRENT_TIMESTAMP, '00000000-0000-0000-0000-000000000005', CURRENT_TIMESTAMP, '00000000-0000-0000-0000-000000000005'),
    ('623e4567-e89b-12d3-a456-426614174005', CURRENT_TIMESTAMP, 'clock-in', CURRENT_TIMESTAMP, '00000000-0000-0000-0000-000000000006', CURRENT_TIMESTAMP, '00000000-0000-0000-0000-000000000006'),
    ('623e4567-e89b-12d3-a456-426614174005', CURRENT_TIMESTAMP, 'clock-out', CURRENT_TIMESTAMP, '00000000-0000-0000-0000-000000000006', CURRENT_TIMESTAMP, '00000000-0000-0000-0000-000000000006'),
    ('723e4567-e89b-12d3-a456-426614174006', CURRENT_TIMESTAMP, 'clock-in', CURRENT_TIMESTAMP, '00000000-0000-0000-0000-000000000007', CURRENT_TIMESTAMP, '00000000-0000-0000-0000-000000000007'),
    ('723e4567-e89b-12d3-a456-426614174006', CURRENT_TIMESTAMP, 'clock-out', CURRENT_TIMESTAMP, '00000000-0000-0000-0000-000000000007', CURRENT_TIMESTAMP, '00000000-0000-0000-0000-000000000007'),
    ('823e4567-e89b-12d3-a456-426614174007', CURRENT_TIMESTAMP, 'clock-in', CURRENT_TIMESTAMP, '00000000-0000-0000-0000-000000000008', CURRENT_TIMESTAMP, '00000000-0000-0000-0000-000000000008'),
    ('823e4567-e89b-12d3-a456-426614174007', CURRENT_TIMESTAMP, 'clock-out', CURRENT_TIMESTAMP, '00000000-0000-0000-0000-000000000008', CURRENT_TIMESTAMP, '00000000-0000-0000-0000-000000000008'),
    ('923e4567-e89b-12d3-a456-426614174008', CURRENT_TIMESTAMP, 'clock-in', CURRENT_TIMESTAMP, '00000000-0000-0000-0000-000000000009', CURRENT_TIMESTAMP, '00000000-0000-0000-0000-000000000009'),
    ('923e4567-e89b-12d3-a456-426614174008', CURRENT_TIMESTAMP, 'clock-out', CURRENT_TIMESTAMP, '00000000-0000-0000-0000-000000000009', CURRENT_TIMESTAMP, '00000000-0000-0000-0000-000000000009'),
    ('a23e4567-e89b-12d3-a456-426614174009', CURRENT_TIMESTAMP, 'clock-in', CURRENT_TIMESTAMP, '00000000-0000-0000-0000-000000000010', CURRENT_TIMESTAMP, '00000000-0000-0000-0000-000000000010'),
    ('a23e4567-e89b-12d3-a456-426614174009', CURRENT_TIMESTAMP, 'clock-out', CURRENT_TIMESTAMP, '00000000-0000-0000-0000-000000000010', CURRENT_TIMESTAMP, '00000000-0000-0000-0000-000000000010');

   -- Insert sample session data
INSERT INTO "session" (
    "session_id", "user_id", "expired_at"
) VALUES
    ('session-001', '123e4567-e89b-12d3-a456-426614174000', CURRENT_TIMESTAMP + INTERVAL '1 hour'),
    ('session-002', '223e4567-e89b-12d3-a456-426614174001', CURRENT_TIMESTAMP + INTERVAL '1 hour'),
    ('session-003', '323e4567-e89b-12d3-a456-426614174002', CURRENT_TIMESTAMP + INTERVAL '1 hour'),
    ('session-004', '423e4567-e89b-12d3-a456-426614174003', CURRENT_TIMESTAMP + INTERVAL '1 hour'),
    ('session-005', '523e4567-e89b-12d3-a456-426614174004', CURRENT_TIMESTAMP + INTERVAL '1 hour'),
    ('session-006', '623e4567-e89b-12d3-a456-426614174005', CURRENT_TIMESTAMP + INTERVAL '1 hour'),
    ('session-007', '723e4567-e89b-12d3-a456-426614174006', CURRENT_TIMESTAMP + INTERVAL '1 hour'),
    ('session-008', '823e4567-e89b-12d3-a456-426614174007', CURRENT_TIMESTAMP + INTERVAL '1 hour'),
    ('session-009', '923e4567-e89b-12d3-a456-426614174008', CURRENT_TIMESTAMP + INTERVAL '1 hour'),
    ('session-010', 'a23e4567-e89b-12d3-a456-426614174009', CURRENT_TIMESTAMP + INTERVAL '1 hour');